{
  "thd": 0.55,
  "n_runs": 40,
  "results": [
    {
      "rank": 1,
      "pool_idx": 56,
      "hardness": 15,
      "mainpower": "ok",
      "matched_aware": 0.5450980392156863,
      "matched_aware_sd": 0.022009749333964383,
      "matched_naive": 0.5475490196078432,
      "mismatched_aware": 0.5892156862745098,
      "mismatched_aware_sd": 0.016375777537735347,
      "mismatched_naive": 0.6004901960784313,
      "mismatched_naive_sd": 0.049154226917295554,
      "sub_gap": -0.044117647058823484,
      "aware_gap": -0.011274509803921529,
      "trap_ok": false,
      "actions_ma": 22.625,
      "actions_mia": 22.6,
      "actions_min": 25.125,
      "seconds": 105.37327575683594
    },
    {
      "rank": 2,
      "pool_idx": 22,
      "hardness": 14,
      "mainpower": "low",
      "matched_aware": 0.5098039215686274,
      "matched_aware_sd": 0.0,
      "matched_naive": 0.5098039215686274,
      "mismatched_aware": 0.5372549019607842,
      "mismatched_aware_sd": 0.037409380447723364,
      "mismatched_naive": 0.4901960784313726,
      "mismatched_naive_sd": 0.0,
      "sub_gap": -0.027450980392156765,
      "aware_gap": 0.0470588235294116,
      "trap_ok": false,
      "actions_ma": 17.0,
      "actions_mia": 25.05,
      "actions_min": 17.0,
      "seconds": 98.37811732292175
    },
    {
      "rank": 3,
      "pool_idx": 4,
      "hardness": 13,
      "mainpower": "low",
      "matched_aware": 0.5357843137254902,
      "matched_aware_sd": 0.019305263399524732,
      "matched_naive": 0.5323529411764707,
      "mismatched_aware": 0.48872549019607847,
      "mismatched_aware_sd": 0.005164536153359212,
      "mismatched_naive": 0.5357843137254902,
      "mismatched_naive_sd": 0.02336029913224285,
      "sub_gap": 0.04705882352941171,
      "aware_gap": -0.04705882352941171,
      "trap_ok": false,
      "actions_ma": 25.1,
      "actions_mia": 21.425,
      "actions_min": 26.375,
      "seconds": 108.16167426109314
    },
    {
      "rank": 4,
      "pool_idx": 98,
      "hardness": 13,
      "mainpower": "ok",
      "matched_aware": 0.7215686274509805,
      "matched_aware_sd": 0.02709857835506911,
      "matched_naive": 0.7161764705882353,
      "mismatched_aware": 0.6779411764705883,
      "mismatched_aware_sd": 0.01854341207782135,
      "mismatched_naive": 0.7254901960784315,
      "mismatched_naive_sd": 0.0,
      "sub_gap": 0.043627450980392224,
      "aware_gap": -0.04754901960784319,
      "trap_ok": false,
      "actions_ma": 24.275,
      "actions_mia": 28.525,
      "actions_min": 21.5,
      "seconds": 109.09969878196716
    },
    {
      "rank": 5,
      "pool_idx": 1,
      "hardness": 12,
      "mainpower": "ok",
      "matched_aware": 0.5294117647058824,
      "matched_aware_sd": 0.0,
      "matched_naive": 0.5294117647058824,
      "mismatched_aware": 0.569607843137255,
      "mismatched_aware_sd": 0.03308732751114942,
      "mismatched_naive": 0.4901960784313726,
      "mismatched_naive_sd": 0.0,
      "sub_gap": -0.04019607843137263,
      "aware_gap": 0.0794117647058824,
      "trap_ok": false,
      "actions_ma": 17.0,
      "actions_mia": 21.85,
      "actions_min": 12.0,
      "seconds": 65.71216773986816
    },
    {
      "rank": 6,
      "pool_idx": 5,
      "hardness": 12,
      "mainpower": "ok",
      "matched_aware": 0.4901960784313726,
      "matched_aware_sd": 0.0,
      "matched_naive": 0.4901960784313726,
      "mismatched_aware": 0.5882352941176471,
      "mismatched_aware_sd": 0.0,
      "mismatched_naive": 0.5294117647058824,
      "mismatched_naive_sd": 0.0,
      "sub_gap": -0.0980392156862745,
      "aware_gap": 0.05882352941176472,
      "trap_ok": false,
      "actions_ma": 12.0,
      "actions_mia": 22.175,
      "actions_min": 12.0,
      "seconds": 60.37083840370178
    },
    {
      "rank": 7,
      "pool_idx": 9,
      "hardness": 12,
      "mainpower": "ok",
      "matched_aware": 0.5098039215686274,
      "matched_aware_sd": 0.0,
      "matched_naive": 0.5098039215686274,
      "mismatched_aware": 0.5700980392156864,
      "mismatched_aware_sd": 0.012697876320577077,
      "mismatched_naive": 0.5294117647058824,
      "mismatched_naive_sd": 0.0,
      "sub_gap": -0.06029411764705894,
      "aware_gap": 0.040686274509804,
      "trap_ok": false,
      "actions_ma": 17.0,
      "actions_mia": 23.55,
      "actions_min": 12.0,
      "seconds": 68.1059033870697
    },
    {
      "rank": 8,
      "pool_idx": 13,
      "hardness": 12,
      "mainpower": "ok",
      "matched_aware": 0.5666666666666668,
      "matched_aware_sd": 0.014408763192842266,
      "matched_naive": 0.5651960784313725,
      "mismatched_aware": 0.5406862745098039,
      "mismatched_aware_sd": 0.016917092085036656,
      "mismatched_naive": 0.5348039215686274,
      "mismatched_naive_sd": 0.015800746530672732,
      "sub_gap": 0.025980392156862875,
      "aware_gap": 0.00588235294117645,
      "trap_ok": true,
      "actions_ma": 24.825,
      "actions_mia": 21.975,
      "actions_min": 25.375,
      "seconds": 107.22214341163635
    }
  ],
  "axis": "markov",
  "domain": "domain17"
}