{
  "thd": 0.55,
  "n_runs": 40,
  "results": [
    {
      "rank": 1,
      "pool_idx": 56,
      "hardness": 15,
      "mainpower": "ok",
      "matched_aware": 0.5450980392156863,
      "matched_aware_sd": 0.02156862745098041,
      "matched_naive": 0.5382352941176471,
      "mismatched_aware": 0.47058823529411764,
      "mismatched_aware_sd": 5.551115123125783e-17,
      "mismatched_naive": 0.49754901960784315,
      "mismatched_naive_sd": 0.023070483579902133,
      "sub_gap": 0.0745098039215687,
      "aware_gap": -0.026960784313725505,
      "trap_ok": false,
      "actions_ma": 21.075,
      "actions_mia": 17.0,
      "actions_min": 24.2,
      "seconds": 47.51262879371643
    },
    {
      "rank": 2,
      "pool_idx": 22,
      "hardness": 14,
      "mainpower": "low",
      "matched_aware": 0.5098039215686274,
      "matched_aware_sd": 0.0,
      "matched_naive": 0.5098039215686274,
      "mismatched_aware": 0.4313725490196078,
      "mismatched_aware_sd": 0.0,
      "mismatched_naive": 0.4313725490196078,
      "mismatched_naive_sd": 0.0,
      "sub_gap": 0.0784313725490196,
      "aware_gap": 0.0,
      "trap_ok": false,
      "actions_ma": 17.0,
      "actions_mia": 17.0,
      "actions_min": 17.0,
      "seconds": 38.73264980316162
    },
    {
      "rank": 3,
      "pool_idx": 4,
      "hardness": 13,
      "mainpower": "low",
      "matched_aware": 0.5397058823529411,
      "matched_aware_sd": 0.024797333078317146,
      "matched_naive": 0.536764705882353,
      "mismatched_aware": 0.45098039215686275,
      "mismatched_aware_sd": 0.0,
      "mismatched_naive": 0.4485294117647059,
      "mismatched_naive_sd": 0.010906174245728904,
      "sub_gap": 0.0887254901960784,
      "aware_gap": 0.002450980392156854,
      "trap_ok": true,
      "actions_ma": 25.85,
      "actions_mia": 17.0,
      "actions_min": 21.15,
      "seconds": 54.7813766002655
    },
    {
      "rank": 4,
      "pool_idx": 98,
      "hardness": 13,
      "mainpower": "ok",
      "matched_aware": 0.7156862745098038,
      "matched_aware_sd": 0.03161669705215115,
      "matched_naive": 0.7225490196078432,
      "mismatched_aware": 0.5882352941176471,
      "mismatched_aware_sd": 0.0,
      "mismatched_naive": 0.7039215686274509,
      "mismatched_naive_sd": 0.00854686067360918,
      "sub_gap": 0.12745098039215674,
      "aware_gap": -0.11568627450980384,
      "trap_ok": false,
      "actions_ma": 24.725,
      "actions_mia": 17.0,
      "actions_min": 22.575,
      "seconds": 55.43110394477844
    },
    {
      "rank": 5,
      "pool_idx": 1,
      "hardness": 12,
      "mainpower": "ok",
      "matched_aware": 0.5294117647058824,
      "matched_aware_sd": 0.0,
      "matched_naive": 0.5294117647058824,
      "mismatched_aware": 0.4705882352941176,
      "mismatched_aware_sd": 0.0,
      "mismatched_naive": 0.4705882352941176,
      "mismatched_naive_sd": 0.0,
      "sub_gap": 0.058823529411764774,
      "aware_gap": 0.0,
      "trap_ok": false,
      "actions_ma": 17.0,
      "actions_mia": 17.0,
      "actions_min": 12.0,
      "seconds": 32.068122148513794
    },
    {
      "rank": 6,
      "pool_idx": 5,
      "hardness": 12,
      "mainpower": "ok",
      "matched_aware": 0.4901960784313726,
      "matched_aware_sd": 0.0,
      "matched_naive": 0.4901960784313726,
      "mismatched_aware": 0.4313725490196079,
      "mismatched_aware_sd": 5.551115123125783e-17,
      "mismatched_naive": 0.4313725490196079,
      "mismatched_naive_sd": 5.551115123125783e-17,
      "sub_gap": 0.05882352941176466,
      "aware_gap": 0.0,
      "trap_ok": false,
      "actions_ma": 12.0,
      "actions_mia": 17.0,
      "actions_min": 12.0,
      "seconds": 26.110110998153687
    },
    {
      "rank": 7,
      "pool_idx": 9,
      "hardness": 12,
      "mainpower": "ok",
      "matched_aware": 0.5098039215686274,
      "matched_aware_sd": 0.0,
      "matched_naive": 0.5098039215686274,
      "mismatched_aware": 0.45098039215686275,
      "mismatched_aware_sd": 0.0,
      "mismatched_naive": 0.45098039215686275,
      "mismatched_naive_sd": 0.0,
      "sub_gap": 0.05882352941176466,
      "aware_gap": 0.0,
      "trap_ok": false,
      "actions_ma": 17.0,
      "actions_mia": 17.0,
      "actions_min": 12.0,
      "seconds": 32.530166149139404
    },
    {
      "rank": 8,
      "pool_idx": 13,
      "hardness": 12,
      "mainpower": "ok",
      "matched_aware": 0.5686274509803922,
      "matched_aware_sd": 0.010739657990297398,
      "matched_naive": 0.5666666666666668,
      "mismatched_aware": 0.5068627450980392,
      "mismatched_aware_sd": 0.007001400420140024,
      "mismatched_naive": 0.5318627450980392,
      "mismatched_naive_sd": 0.037251676846986964,
      "sub_gap": 0.061764705882353055,
      "aware_gap": -0.025000000000000022,
      "trap_ok": false,
      "actions_ma": 26.2,
      "actions_mia": 18.575,
      "actions_min": 25.75,
      "seconds": 60.79899787902832
    }
  ],
  "axis": "tree",
  "domain": "domain17"
}