{
  "thd": 0.55,
  "n_runs": 40,
  "results": [
    {
      "rank": 1,
      "pool_idx": 51,
      "hardness": 9,
      "batvolt": "dead",
      "matched_aware": 0.9215686274509803,
      "matched_aware_sd": 0.016980890270283128,
      "matched_naive": 0.9186274509803921,
      "mismatched_aware": 0.9176470588235294,
      "mismatched_aware_sd": 0.017647058823529394,
      "mismatched_naive": 0.9205882352941176,
      "mismatched_naive_sd": 0.011558653061325098,
      "sub_gap": 0.0039215686274509665,
      "aware_gap": -0.002941176470588225,
      "trap_ok": false,
      "actions_ma": 23.175,
      "actions_mia": 22.15,
      "actions_min": 22.9,
      "seconds": 112.87120699882507
    },
    {
      "rank": 2,
      "pool_idx": 0,
      "hardness": 8,
      "batvolt": "weak",
      "matched_aware": 0.8627450980392158,
      "matched_aware_sd": 1.1102230246251565e-16,
      "matched_naive": 0.8627450980392158,
      "mismatched_aware": 0.8872549019607844,
      "mismatched_aware_sd": 0.03214430649167647,
      "mismatched_naive": 0.8627450980392158,
      "mismatched_naive_sd": 1.1102230246251565e-16,
      "sub_gap": -0.02450980392156854,
      "aware_gap": 0.02450980392156854,
      "trap_ok": false,
      "actions_ma": 23.6,
      "actions_mia": 19.8,
      "actions_min": 23.5,
      "seconds": 144.24511194229126
    },
    {
      "rank": 3,
      "pool_idx": 45,
      "hardness": 8,
      "batvolt": "dead",
      "matched_aware": 0.9019607843137255,
      "matched_aware_sd": 0.0,
      "matched_naive": 0.9004901960784313,
      "mismatched_aware": 0.8931372549019608,
      "mismatched_aware_sd": 0.04659699858163193,
      "mismatched_naive": 0.9019607843137255,
      "mismatched_naive_sd": 0.0,
      "sub_gap": 0.008823529411764675,
      "aware_gap": -0.008823529411764675,
      "trap_ok": false,
      "actions_ma": 21.925,
      "actions_mia": 23.75,
      "actions_min": 21.65,
      "seconds": 122.24441480636597
    },
    {
      "rank": 4,
      "pool_idx": 53,
      "hardness": 8,
      "batvolt": "weak",
      "matched_aware": 0.8392156862745097,
      "matched_aware_sd": 0.01709372134721834,
      "matched_naive": 0.8328431372549019,
      "mismatched_aware": 0.8480392156862745,
      "mismatched_aware_sd": 0.03473135212533007,
      "mismatched_naive": 0.8274509803921568,
      "mismatched_naive_sd": 0.031372549019607864,
      "sub_gap": -0.008823529411764786,
      "aware_gap": 0.020588235294117685,
      "trap_ok": false,
      "actions_ma": 25.65,
      "actions_mia": 20.475,
      "actions_min": 24.95,
      "seconds": 141.04584217071533
    },
    {
      "rank": 5,
      "pool_idx": 93,
      "hardness": 8,
      "batvolt": "weak",
      "matched_aware": 0.8627450980392158,
      "matched_aware_sd": 1.1102230246251565e-16,
      "matched_naive": 0.8627450980392158,
      "mismatched_aware": 0.823529411764706,
      "mismatched_aware_sd": 0.0,
      "mismatched_naive": 0.8627450980392158,
      "mismatched_naive_sd": 1.1102230246251565e-16,
      "sub_gap": 0.03921568627450989,
      "aware_gap": -0.03921568627450989,
      "trap_ok": false,
      "actions_ma": 23.575,
      "actions_mia": 17.0,
      "actions_min": 23.675,
      "seconds": 152.6461877822876
    },
    {
      "rank": 6,
      "pool_idx": 7,
      "hardness": 7,
      "batvolt": "dead",
      "matched_aware": 0.939705882352941,
      "matched_aware_sd": 0.009183820585879982,
      "matched_naive": 0.939705882352941,
      "mismatched_aware": 0.939705882352941,
      "mismatched_aware_sd": 0.009183820585879982,
      "mismatched_naive": 0.9411764705882352,
      "mismatched_naive_sd": 0.0,
      "sub_gap": 0.0,
      "aware_gap": -0.0014705882352942234,
      "trap_ok": false,
      "actions_ma": 21.575,
      "actions_mia": 23.0,
      "actions_min": 21.75,
      "seconds": 112.17604064941406
    },
    {
      "rank": 7,
      "pool_idx": 33,
      "hardness": 7,
      "batvolt": "weak",
      "matched_aware": 0.875980392156863,
      "matched_aware_sd": 0.04348953746915509,
      "matched_naive": 0.9019607843137255,
      "mismatched_aware": 0.9068627450980392,
      "mismatched_aware_sd": 0.06425122501102332,
      "mismatched_naive": 0.8877450980392159,
      "mismatched_naive_sd": 0.05665742173042788,
      "sub_gap": -0.03088235294117625,
      "aware_gap": 0.01911764705882335,
      "trap_ok": false,
      "actions_ma": 24.875,
      "actions_mia": 27.05,
      "actions_min": 26.45,
      "seconds": 160.3631694316864
    },
    {
      "rank": 8,
      "pool_idx": 41,
      "hardness": 7,
      "batvolt": "dead",
      "matched_aware": 0.9593137254901961,
      "matched_aware_sd": 0.00918382058588,
      "matched_naive": 0.9578431372549019,
      "mismatched_aware": 0.9593137254901961,
      "mismatched_aware_sd": 0.00918382058588,
      "mismatched_naive": 0.9607843137254901,
      "mismatched_naive_sd": 1.1102230246251565e-16,
      "sub_gap": 0.0,
      "aware_gap": -0.0014705882352940014,
      "trap_ok": false,
      "actions_ma": 21.7,
      "actions_mia": 21.425,
      "actions_min": 21.95,
      "seconds": 108.29776453971863
    }
  ],
  "axis": "markov"
}