{
  "thd": 0.65,
  "n_runs": 40,
  "results": [
    {
      "rank": 1,
      "pool_idx": 51,
      "hardness": 9,
      "batvolt": "dead",
      "matched_aware": 0.8416666666666668,
      "matched_aware_sd": 0.00918382058588,
      "matched_naive": 0.8377450980392158,
      "mismatched_aware": 0.7225490196078431,
      "mismatched_aware_sd": 0.007001400420140024,
      "mismatched_naive": 0.7058823529411765,
      "mismatched_naive_sd": 0.0,
      "sub_gap": 0.11911764705882366,
      "aware_gap": 0.016666666666666607,
      "trap_ok": true,
      "actions_ma": 24.175,
      "actions_mia": 20.35,
      "actions_min": 12.0,
      "seconds": 57.025248765945435
    },
    {
      "rank": 2,
      "pool_idx": 0,
      "hardness": 8,
      "batvolt": "weak",
      "matched_aware": 0.823529411764706,
      "matched_aware_sd": 0.0,
      "matched_naive": 0.823529411764706,
      "mismatched_aware": 0.7647058823529411,
      "mismatched_aware_sd": 0.0,
      "mismatched_naive": 0.7647058823529411,
      "mismatched_naive_sd": 0.0,
      "sub_gap": 0.05882352941176483,
      "aware_gap": 0.0,
      "trap_ok": false,
      "actions_ma": 18.0,
      "actions_mia": 17.0,
      "actions_min": 12.0,
      "seconds": 42.250569343566895
    },
    {
      "rank": 3,
      "pool_idx": 45,
      "hardness": 8,
      "batvolt": "dead",
      "matched_aware": 0.8401960784313726,
      "matched_aware_sd": 0.012820291010413749,
      "matched_naive": 0.8431372549019608,
      "mismatched_aware": 0.7450980392156863,
      "mismatched_aware_sd": 0.0,
      "mismatched_naive": 0.7058823529411765,
      "mismatched_naive_sd": 0.0,
      "sub_gap": 0.09509803921568627,
      "aware_gap": 0.039215686274509776,
      "trap_ok": true,
      "actions_ma": 24.275,
      "actions_mia": 20.625,
      "actions_min": 12.0,
      "seconds": 58.03994607925415
    },
    {
      "rank": 4,
      "pool_idx": 53,
      "hardness": 8,
      "batvolt": "weak",
      "matched_aware": 0.7377450980392157,
      "matched_aware_sd": 0.02348341091569307,
      "matched_naive": 0.7446078431372549,
      "mismatched_aware": 0.7333333333333334,
      "mismatched_aware_sd": 0.009605842128561503,
      "mismatched_naive": 0.7083333333333334,
      "mismatched_naive_sd": 0.007827803638564354,
      "sub_gap": 0.004411764705882337,
      "aware_gap": 0.025000000000000022,
      "trap_ok": true,
      "actions_ma": 21.375,
      "actions_mia": 23.05,
      "actions_min": 22.825,
      "seconds": 77.2217857837677
    },
    {
      "rank": 5,
      "pool_idx": 93,
      "hardness": 8,
      "batvolt": "weak",
      "matched_aware": 0.8578431372549019,
      "matched_aware_sd": 0.012969369171885202,
      "matched_naive": 0.8534313725490197,
      "mismatched_aware": 0.7254901960784313,
      "mismatched_aware_sd": 0.0,
      "mismatched_naive": 0.7254901960784313,
      "mismatched_naive_sd": 0.0,
      "sub_gap": 0.13235294117647056,
      "aware_gap": 0.0,
      "trap_ok": false,
      "actions_ma": 23.575,
      "actions_mia": 17.0,
      "actions_min": 12.0,
      "seconds": 57.331706047058105
    },
    {
      "rank": 6,
      "pool_idx": 7,
      "hardness": 7,
      "batvolt": "dead",
      "matched_aware": 0.875,
      "matched_aware_sd": 0.02088373372954981,
      "matched_naive": 0.8818627450980394,
      "mismatched_aware": 0.7642156862745098,
      "mismatched_aware_sd": 0.003061273528626655,
      "mismatched_naive": 0.7450980392156863,
      "mismatched_naive_sd": 0.0,
      "sub_gap": 0.11078431372549025,
      "aware_gap": 0.01911764705882346,
      "trap_ok": true,
      "actions_ma": 23.825,
      "actions_mia": 20.825,
      "actions_min": 12.0,
      "seconds": 57.35484862327576
    },
    {
      "rank": 7,
      "pool_idx": 33,
      "hardness": 7,
      "batvolt": "weak",
      "matched_aware": 0.771078431372549,
      "matched_aware_sd": 0.02854524188537381,
      "matched_naive": 0.7563725490196078,
      "mismatched_aware": 0.7313725490196079,
      "mismatched_aware_sd": 0.009998077477632933,
      "mismatched_naive": 0.7313725490196079,
      "mismatched_naive_sd": 0.014002800840280128,
      "sub_gap": 0.039705882352941035,
      "aware_gap": 0.0,
      "trap_ok": false,
      "actions_ma": 21.675,
      "actions_mia": 23.325,
      "actions_min": 23.375,
      "seconds": 78.15154504776001
    },
    {
      "rank": 8,
      "pool_idx": 41,
      "hardness": 7,
      "batvolt": "dead",
      "matched_aware": 0.9,
      "matched_aware_sd": 0.009605842128561486,
      "matched_naive": 0.9009803921568628,
      "mismatched_aware": 0.7813725490196077,
      "mismatched_aware_sd": 0.007001400420140064,
      "mismatched_naive": 0.7647058823529411,
      "mismatched_naive_sd": 0.0,
      "sub_gap": 0.11862745098039229,
      "aware_gap": 0.016666666666666607,
      "trap_ok": true,
      "actions_ma": 24.175,
      "actions_mia": 20.6,
      "actions_min": 13.0,
      "seconds": 58.38698220252991
    }
  ]
}