{
  "thd": 0.55,
  "n_runs": 40,
  "results": [
    {
      "rank": 1,
      "pool_idx": 51,
      "hardness": 9,
      "matched_aware": 0.9210784313725491,
      "matched_aware_sd": 0.011167437009700517,
      "matched_naive": 0.9181372549019606,
      "mismatched_aware": 0.8691176470588236,
      "mismatched_aware_sd": 0.029861753746113773,
      "mismatched_naive": 0.8426470588235293,
      "mismatched_naive_sd": 0.003061273528626655,
      "sub_gap": 0.05196078431372553,
      "aware_gap": 0.026470588235294246,
      "trap_ok": true,
      "actions_ma": 22.675,
      "actions_mia": 22.075,
      "actions_min": 25.15,
      "seconds": 67.43527388572693
    },
    {
      "rank": 2,
      "pool_idx": 0,
      "hardness": 8,
      "matched_aware": 0.8627450980392158,
      "matched_aware_sd": 1.1102230246251565e-16,
      "matched_naive": 0.8627450980392158,
      "mismatched_aware": 0.7843137254901961,
      "mismatched_aware_sd": 0.0,
      "mismatched_naive": 0.842156862745098,
      "mismatched_naive_sd": 0.004273430336804566,
      "sub_gap": 0.07843137254901977,
      "aware_gap": -0.05784313725490198,
      "trap_ok": false,
      "actions_ma": 23.6,
      "actions_mia": 17.0,
      "actions_min": 25.275,
      "seconds": 82.55526113510132
    },
    {
      "rank": 3,
      "pool_idx": 45,
      "hardness": 8,
      "matched_aware": 0.8990196078431373,
      "matched_aware_sd": 0.012820291010413749,
      "matched_naive": 0.9019607843137255,
      "mismatched_aware": 0.8735294117647058,
      "mismatched_aware_sd": 0.028057035335792516,
      "mismatched_naive": 0.7647058823529411,
      "mismatched_naive_sd": 0.0,
      "sub_gap": 0.025490196078431504,
      "aware_gap": 0.10882352941176465,
      "trap_ok": true,
      "actions_ma": 21.975,
      "actions_mia": 22.05,
      "actions_min": 12.0,
      "seconds": 54.43485474586487
    },
    {
      "rank": 4,
      "pool_idx": 53,
      "hardness": 8,
      "matched_aware": 0.8372549019607842,
      "matched_aware_sd": 0.020658144613436756,
      "matched_naive": 0.8372549019607842,
      "mismatched_aware": 0.7779411764705881,
      "mismatched_aware_sd": 0.019305263399524705,
      "mismatched_naive": 0.7980392156862746,
      "mismatched_naive_sd": 0.020658144613436697,
      "sub_gap": 0.05931372549019609,
      "aware_gap": -0.020098039215686425,
      "trap_ok": false,
      "actions_ma": 25.725,
      "actions_mia": 23.975,
      "actions_min": 20.375,
      "seconds": 82.20988416671753
    },
    {
      "rank": 5,
      "pool_idx": 93,
      "hardness": 8,
      "matched_aware": 0.8627450980392158,
      "matched_aware_sd": 1.1102230246251565e-16,
      "matched_naive": 0.8627450980392158,
      "mismatched_aware": 0.7843137254901961,
      "mismatched_aware_sd": 0.0,
      "mismatched_naive": 0.842156862745098,
      "mismatched_naive_sd": 0.004273430336804567,
      "sub_gap": 0.07843137254901977,
      "aware_gap": -0.05784313725490198,
      "trap_ok": false,
      "actions_ma": 23.525,
      "actions_mia": 17.0,
      "actions_min": 24.925,
      "seconds": 85.24590587615967
    },
    {
      "rank": 6,
      "pool_idx": 7,
      "hardness": 7,
      "matched_aware": 0.9411764705882352,
      "matched_aware_sd": 0.0,
      "matched_naive": 0.939705882352941,
      "mismatched_aware": 0.9215686274509803,
      "mismatched_aware_sd": 0.0,
      "mismatched_naive": 0.803921568627451,
      "mismatched_naive_sd": 1.1102230246251565e-16,
      "sub_gap": 0.019607843137254832,
      "aware_gap": 0.11764705882352933,
      "trap_ok": true,
      "actions_ma": 21.8,
      "actions_mia": 20.675,
      "actions_min": 12.0,
      "seconds": 55.53694009780884
    },
    {
      "rank": 7,
      "pool_idx": 33,
      "hardness": 7,
      "matched_aware": 0.8794117647058822,
      "matched_aware_sd": 0.04461592256071667,
      "matched_naive": 0.8838235294117649,
      "mismatched_aware": 0.8058823529411765,
      "mismatched_aware_sd": 0.013006371726883952,
      "mismatched_naive": 0.8470588235294118,
      "mismatched_naive_sd": 0.009998077477632896,
      "sub_gap": 0.07352941176470573,
      "aware_gap": -0.04117647058823526,
      "trap_ok": false,
      "actions_ma": 25.45,
      "actions_mia": 23.7,
      "actions_min": 24.95,
      "seconds": 89.95188331604004
    },
    {
      "rank": 8,
      "pool_idx": 41,
      "hardness": 7,
      "matched_aware": 0.9578431372549019,
      "matched_aware_sd": 0.012820291010413749,
      "matched_naive": 0.9563725490196078,
      "mismatched_aware": 0.9367647058823529,
      "mismatched_aware_sd": 0.02032393376630181,
      "mismatched_naive": 0.823529411764706,
      "mismatched_naive_sd": 0.0,
      "sub_gap": 0.021078431372548945,
      "aware_gap": 0.11323529411764699,
      "trap_ok": true,
      "actions_ma": 21.675,
      "actions_mia": 21.625,
      "actions_min": 12.0,
      "seconds": 56.1586651802063
    }
  ]
}