{
  "domain17_tree": {
    "m_aware_init_conflicts": 13.5,
    "m_naive_init_conflicts": 13.5,
    "mm_aware_init_conflicts": 44.25,
    "mm_naive_init_conflicts": 6.75,
    "m_aware_final_acc": 0.5526143790849672,
    "mm_aware_final_acc": 0.47516339869281043,
    "mm_naive_final_acc": 0.49542483660130715,
    "substrate_gap_mean": 0.07745098039215678,
    "substrate_gap_sd": 0.026796246929873164,
    "substrate_gap_t": 8.175191636077317,
    "substrate_gap_p": 7.93540373842383e-05,
    "substrate_gap_pos_scenarios": 8,
    "aware_gap_mean": -0.02026143790849671,
    "aware_gap_t": -1.4299233724447715,
    "aware_gap_p": 0.19581694637190328,
    "sensitivity_gain": 30.75
  },
  "domain17_markov": {
    "m_aware_init_conflicts": 13.5,
    "m_naive_init_conflicts": 13.5,
    "mm_aware_init_conflicts": 34.875,
    "mm_naive_init_conflicts": 6.75,
    "m_aware_final_acc": 0.5527777777777777,
    "mm_aware_final_acc": 0.5712418300653594,
    "mm_naive_final_acc": 0.5537581699346406,
    "substrate_gap_mean": -0.018464052287581675,
    "substrate_gap_sd": 0.05497499699366323,
    "substrate_gap_t": -0.949963241088447,
    "substrate_gap_p": 0.3737678931172468,
    "substrate_gap_pos_scenarios": 3,
    "aware_gap_mean": 0.017483660130718837,
    "aware_gap_t": 1.0388909103532276,
    "aware_gap_p": 0.3334034051225996,
    "sensitivity_gain": 21.375
  },
  "kanno_tree": {
    "m_aware_init_conflicts": 12.75,
    "m_naive_init_conflicts": 12.75,
    "mm_aware_init_conflicts": 22.875,
    "mm_naive_init_conflicts": 3.75,
    "m_aware_final_acc": 0.8960784313725492,
    "mm_aware_final_acc": 0.8431372549019609,
    "mm_naive_final_acc": 0.8200980392156865,
    "substrate_gap_mean": 0.05294117647058824,
    "substrate_gap_sd": 0.02709745232077245,
    "substrate_gap_t": 5.5259903319618795,
    "substrate_gap_p": 0.0008819601218095219,
    "substrate_gap_pos_scenarios": 8,
    "aware_gap_mean": 0.023039215686274428,
    "aware_gap_t": 0.8198010915760072,
    "aware_gap_p": 0.4393473554039662,
    "sensitivity_gain": 10.125
  },
  "kanno_markov": {
    "m_aware_init_conflicts": 12.75,
    "m_naive_init_conflicts": 12.75,
    "mm_aware_init_conflicts": 15.375,
    "mm_naive_init_conflicts": 12.75,
    "m_aware_final_acc": 0.8965686274509805,
    "mm_aware_final_acc": 0.8983660130718956,
    "mm_naive_final_acc": 0.8942810457516341,
    "substrate_gap_mean": -0.0017973856209150402,
    "substrate_gap_sd": 0.020820719895951047,
    "substrate_gap_t": -0.24416899459914937,
    "substrate_gap_p": 0.8141020795183511,
    "substrate_gap_pos_scenarios": 3,
    "aware_gap_mean": 0.004084967320261437,
    "aware_gap_t": 0.5028382714417161,
    "aware_gap_p": 0.6305094051434641,
    "sensitivity_gain": 2.625
  }
}