{
  "network": "domain17",
  "axis": "markov",
  "thd": 0.55,
  "n_runs": 15,
  "results": [
    {
      "rank": 1,
      "pool_idx": 56,
      "hardness": 15,
      "matched_aware_full": 0.5424836601307189,
      "matched_aware_committed": 0.736221186221186,
      "matched_aware_commit_rate": 0.7281045751633987,
      "mismatched_aware_full": 0.588235294117647,
      "mismatched_aware_committed": 0.8184522884522885,
      "mismatched_aware_commit_rate": 0.7215686274509804,
      "mismatched_naive_full": 0.596078431372549,
      "mismatched_naive_committed": 0.7965871165871167,
      "mismatched_naive_commit_rate": 0.7490196078431375,
      "sub_gap_full": -0.04575163398692805,
      "sub_gap_committed": -0.08223110223110242,
      "aware_gap_full": -0.007843137254902044,
      "aware_gap_committed": 0.021865171865171784,
      "seconds": 63.11182689666748
    },
    {
      "rank": 2,
      "pool_idx": 22,
      "hardness": 14,
      "matched_aware_full": 0.5098039215686274,
      "matched_aware_committed": 0.7608391608391609,
      "matched_aware_commit_rate": 0.6666666666666665,
      "mismatched_aware_full": 0.5450980392156861,
      "mismatched_aware_committed": 0.7696482529815863,
      "mismatched_aware_commit_rate": 0.7084967320261436,
      "mismatched_naive_full": 0.4901960784313726,
      "mismatched_naive_committed": 0.7534317534317534,
      "mismatched_naive_commit_rate": 0.6470588235294115,
      "sub_gap_full": -0.0352941176470587,
      "sub_gap_committed": -0.008809092142425423,
      "aware_gap_full": 0.05490196078431353,
      "aware_gap_committed": 0.016216499549832952,
      "seconds": 61.49073314666748
    },
    {
      "rank": 3,
      "pool_idx": 4,
      "hardness": 13,
      "matched_aware_full": 0.5437908496732026,
      "matched_aware_committed": 0.6731976356976358,
      "matched_aware_commit_rate": 0.8078431372549022,
      "mismatched_aware_full": 0.48888888888888893,
      "mismatched_aware_committed": 0.6739057239057239,
      "mismatched_aware_commit_rate": 0.7294117647058822,
      "mismatched_naive_full": 0.5320261437908496,
      "mismatched_naive_committed": 0.6929292929292928,
      "mismatched_naive_commit_rate": 0.768627450980392,
      "sub_gap_full": 0.05490196078431364,
      "sub_gap_committed": -0.0007080882080880979,
      "aware_gap_full": -0.04313725490196063,
      "aware_gap_committed": -0.019023569023568943,
      "seconds": 67.30439686775208
    },
    {
      "rank": 4,
      "pool_idx": 98,
      "hardness": 13,
      "matched_aware_full": 0.7267973856209148,
      "matched_aware_committed": 0.9072690272690274,
      "matched_aware_commit_rate": 0.8026143790849676,
      "mismatched_aware_full": 0.6771241830065359,
      "mismatched_aware_committed": 0.9199430199430201,
      "mismatched_aware_commit_rate": 0.7359477124183009,
      "mismatched_naive_full": 0.7254901960784317,
      "mismatched_naive_committed": 0.9777777777777779,
      "mismatched_naive_commit_rate": 0.7437908496732029,
      "sub_gap_full": 0.04967320261437891,
      "sub_gap_committed": -0.012673992673992718,
      "aware_gap_full": -0.04836601307189581,
      "aware_gap_committed": -0.05783475783475778,
      "seconds": 68.31265759468079
    },
    {
      "rank": 5,
      "pool_idx": 1,
      "hardness": 12,
      "matched_aware_full": 0.5294117647058824,
      "matched_aware_committed": 0.8005698005698003,
      "matched_aware_commit_rate": 0.6666666666666665,
      "mismatched_aware_full": 0.5673202614379084,
      "mismatched_aware_committed": 0.8230226563559898,
      "mismatched_aware_commit_rate": 0.7006535947712417,
      "mismatched_naive_full": 0.4901960784313726,
      "mismatched_naive_committed": 0.7685185185185186,
      "mismatched_naive_commit_rate": 0.6470588235294118,
      "sub_gap_full": -0.03790849673202601,
      "sub_gap_committed": -0.022452855786189496,
      "aware_gap_full": 0.07712418300653578,
      "aware_gap_committed": 0.05450413783747121,
      "seconds": 37.8888258934021
    },
    {
      "rank": 6,
      "pool_idx": 5,
      "hardness": 12,
      "matched_aware_full": 0.4901960784313726,
      "matched_aware_committed": 0.8333333333333336,
      "matched_aware_commit_rate": 0.588235294117647,
      "mismatched_aware_full": 0.588235294117647,
      "mismatched_aware_committed": 0.9153846153846155,
      "mismatched_aware_commit_rate": 0.6470588235294118,
      "mismatched_naive_full": 0.5294117647058824,
      "mismatched_naive_committed": 0.9074074074074079,
      "mismatched_naive_commit_rate": 0.588235294117647,
      "sub_gap_full": -0.09803921568627438,
      "sub_gap_committed": -0.08205128205128187,
      "aware_gap_full": 0.05882352941176461,
      "aware_gap_committed": 0.007977207977207579,
      "seconds": 35.75235724449158
    },
    {
      "rank": 7,
      "pool_idx": 9,
      "hardness": 12,
      "matched_aware_full": 0.5098039215686274,
      "matched_aware_committed": 0.8407407407407405,
      "matched_aware_commit_rate": 0.6078431372549018,
      "mismatched_aware_full": 0.568627450980392,
      "mismatched_aware_committed": 0.8667219200552532,
      "mismatched_aware_commit_rate": 0.6601307189542484,
      "mismatched_naive_full": 0.5294117647058824,
      "mismatched_naive_committed": 0.8740740740740738,
      "mismatched_naive_commit_rate": 0.6078431372549018,
      "sub_gap_full": -0.05882352941176461,
      "sub_gap_committed": -0.025981179314512715,
      "aware_gap_full": 0.039215686274509665,
      "aware_gap_committed": -0.007352154018820611,
      "seconds": 39.6940803527832
    },
    {
      "rank": 8,
      "pool_idx": 13,
      "hardness": 12,
      "matched_aware_full": 0.5699346405228757,
      "matched_aware_committed": 0.7132030932030932,
      "matched_aware_commit_rate": 0.8,
      "mismatched_aware_full": 0.5464052287581699,
      "mismatched_aware_committed": 0.7397276797276798,
      "mismatched_aware_commit_rate": 0.7490196078431375,
      "mismatched_naive_full": 0.5372549019607843,
      "mismatched_naive_committed": 0.7101443001443001,
      "mismatched_naive_commit_rate": 0.7607843137254904,
      "sub_gap_full": 0.0235294117647058,
      "sub_gap_committed": -0.02652458652458667,
      "aware_gap_full": 0.009150326797385588,
      "aware_gap_committed": 0.029583379583379754,
      "seconds": 66.53834009170532
    }
  ]
}